{
    "ZWE": { "name": "Zimbabwe", "size": 0.044578, "angle": 0.000000, "coord": [29.525442, -19.011641] },
    "ZMB": { "name": "Zambia", "size": 0.067944, "angle": 0.000000, "coord": [25.995296, -14.760804] },
    "YEM": { "name": "Yemen", "size": 0.074143, "angle": -19.000000, "coord": [47.774353, 15.728228] },
    "VNM": { "name": "Vietnam", "size": 0.055591, "angle": 44.000000, "coord": [108.687241, 17.015398] },
    "VEN": { "name": "Venezuela", "size": 0.057571, "angle": 0.000000, "coord": [-66.599350, 8.182476] },
    "VUT": { "name": "Vanuatu", "size": 0.040526, "angle": 0.000000, "coord": [170.008957, -14.971527] },
    "UZB": { "name": "Uzbekistan", "size": 0.067944, "angle": 35.000000, "coord": [62.205460, 42.093597] },
    "URY": { "name": "Uruguay", "size": 0.032497, "angle": 0.000000, "coord": [-55.866943, -33.161125] },
    "USA": { "name": "United States of America", "size": 0.113913, "angle": 0.000000, "coord": [-99.982567, 39.738476] },
    "GBR": { "name": "United Kingdom", "size": 0.040526, "angle": 64.000000, "coord": [-2.016346, 54.002747] },
    "FLK": { "name": "Falkland Islands", "size": 0.032172, "angle": 0.000000, "coord": [-58.838600, -52.708897] },
    "ARE": { "name": "UAE", "size": 0.032717, "angle": 0.000000, "coord": [54.147256, 23.566288] },
    "UKR": { "name": "Ukraine", "size": 0.103558, "angle": 13.000000, "coord": [31.540865, 49.124748] },
    "UGA": { "name": "Uganda", "size": 0.044578, "angle": -41.000000, "coord": [32.248566, 1.272589] },
    "TKM": { "name": "Turkmenistan", "size": 0.053940, "angle": 15.000000, "coord": [59.376637, 38.855263] },
    "TUR": { "name": "Turkey", "size": 0.112774, "angle": 0.000000, "coord": [35.008259, 38.945393] },
    "TUN": { "name": "Tunisia", "size": 0.044578, "angle": 82.000000, "coord": [9.407883, 34.387253] },
    "TTO": { "name": "Trinidad and Tobago", "size": 0.010301, "angle": 0.000000, "coord": [-59.318424, 10.398898] },
    "TGO": { "name": "Togo", "size": 0.026589, "angle": 81.000000, "coord": [1.058113, 8.307219] },
    "TLS": { "name": "East Timor", "size": 0.017445, "angle": 0.000000, "coord": [126.754662, -9.203707] },
    "THA": { "name": "Thailand", "size": 0.040526, "angle": 0.000000, "coord": [101.873184, 15.959742] },
    "TZA": { "name": "Tanzania", "size": 0.058323, "angle": 0.000000, "coord": [34.459175, -6.851866] },
    "TJK": { "name": "Tajikistan", "size": 0.032826, "angle": 11.000000, "coord": [71.287292, 38.399834] },
    "TWN": { "name": "Taiwan", "size": 0.032497, "angle": 0.000000, "coord": [120.868202, 23.752409] },
    "SYR": { "name": "Syria", "size": 0.055591, "angle": 0.000000, "coord": [38.677776, 35.306633] },
    "CHE": { "name": "Switzerland", "size": 0.017445, "angle": 0.000000, "coord": [8.263966, 46.719112] },
    "SWE": { "name": "Sweden", "size": 0.127849, "angle": -58.000000, "coord": [17.917046, 65.059189] },
    "SWZ": { "name": "eSwatini", "size": 0.009271, "angle": 0.000000, "coord": [31.467264, -26.533676] },
    "SUR": { "name": "Suriname", "size": 0.023930, "angle": 0.000000, "coord": [-56.110935, 4.143987] },
    "SSD": { "name": "South Sudan", "size": 0.044132, "angle": 18.000000, "coord": [30.190149, 6.830477] },
    "SDN": { "name": "Sudan", "size": 0.110000, "angle": 0.000000, "coord": [30.460657, 16.030746] },
    "LKA": { "name": "Sri Lanka", "size": 0.050032, "angle": 0.000000, "coord": [80.804825, 4.981100] },
    "ESP": { "name": "Spain", "size": 0.075493, "angle": 0.000000, "coord": [-3.564718, 39.890957] },
    "KOR": { "name": "South Korea", "size": 0.026589, "angle": 0.000000, "coord": [127.929497, 36.384926] },
    "ZAF": { "name": "South Africa", "size": 0.065926, "angle": -35.000000, "coord": [24.765738, -28.708773] },
    "SOM": { "name": "Somalia", "size": 0.061767, "angle": -49.000000, "coord": [47.092350, 5.768923] },
    "SOL": { "name": "Somaliland", "size": 0.029543, "angle": 0.000000, "coord": [46.231602, 9.743890] },
    "SLB": { "name": "Solomon Islands", "size": 0.031532, "angle": 0.000000, "coord": [159.270477, -7.829548] },
    "SVK": { "name": "Slovakia", "size": 0.032826, "angle": -13.000000, "coord": [19.649870, 48.734043] },
    "SVN": { "name": "Slovenia", "size": 0.017445, "angle": -22.000000, "coord": [14.815311, 46.160759] },
    "SLE": { "name": "Sierra Leone", "size": 0.012717, "angle": 40.000000, "coord": [-11.763677, 8.517448] },
    "SRB": { "name": "Serbia", "size": 0.027445, "angle": 0.000000, "coord": [20.937989, 44.089915] },
    "SEN": { "name": "Senegal", "size": 0.032826, "angle": 0.000000, "coord": [-14.478585, 14.438123] },
    "SAU": { "name": "Saudi Arabia", "size": 0.083043, "angle": 23.000000, "coord": [45.399590, 23.906908] },
    "RWA": { "name": "Rwanda", "size": 0.014130, "angle": -8.000000, "coord": [30.003893, -1.997196] },
    "RUS": { "name": "Russia", "size": 0.578769, "angle": 0.000000, "coord": [91.885750, 60.949314] },
    "ROU": { "name": "Romania", "size": 0.055591, "angle": 15.000000, "coord": [25.072624, 45.333244] },
    "QAT": { "name": "Qatar", "size": 0.015543, "angle": -82.000000, "coord": [51.143509, 25.337383] },
    "PRT": { "name": "Portugal", "size": 0.036108, "angle": -85.000000, "coord": [-7.971754, 39.706673] },
    "POL": { "name": "Poland", "size": 0.068630, "angle": 0.000000, "coord": [19.190466, 51.990314] },
    "PHL": { "name": "Philippines", "size": 0.060538, "angle": 0.000000, "coord": [122.564995, 12.398005] },
    "PER": { "name": "Peru", "size": 0.127849, "angle": 55.000000, "coord": [-74.600136, -10.976671] },
    "PRY": { "name": "Paraguay", "size": 0.055591, "angle": 42.000000, "coord": [-58.346420, -23.274515] },
    "PNG": { "name": "Papua New Guinea", "size": 0.053940, "angle": 0.000000, "coord": [148.810516, -5.995285] },
    "PAN": { "name": "Panama", "size": 0.036108, "angle": 0.000000, "coord": [-79.952110, 8.721980] },
    "PAK": { "name": "Pakistan", "size": 0.084729, "angle": -40.000000, "coord": [69.145622, 29.628389] },
    "OMN": { "name": "Oman", "size": 0.076256, "angle": -48.000000, "coord": [56.836559, 20.420420] },
    "NOR": { "name": "Norway", "size": 0.115064, "angle": -65.000000, "coord": [9.779975, 62.057083] },
    "PRK": { "name": "North Korea", "size": 0.036108, "angle": -23.000000, "coord": [127.444504, 40.185249] },
    "NGA": { "name": "Nigeria", "size": 0.073991, "angle": 0.000000, "coord": [8.203220, 9.539800] },
    "NER": { "name": "Niger", "size": 0.103558, "angle": 0.000000, "coord": [9.504356, 17.146194] },
    "NIC": { "name": "Nicaragua", "size": 0.045028, "angle": -18.000000, "coord": [-84.469353, 12.670697] },
    "NZL": { "name": "New Zealand", "size": 0.092270, "angle": 0.000000, "coord": [171.086899, -42.758953] },
    "NLD": { "name": "Netherlands", "size": 0.017445, "angle": -42.000000, "coord": [5.611440, 52.422211] },
    "NPL": { "name": "Nepal", "size": 0.045028, "angle": 20.000000, "coord": [84.039909, 28.097925] },
    "NAM": { "name": "Namibia", "size": 0.060202, "angle": 0.000000, "coord": [17.508165, -21.175307] },
    "MOZ": { "name": "Mozambique", "size": 0.047830, "angle": -40.000000, "coord": [36.837906, -17.043242] },
    "MAR": { "name": "Morocco", "size": 0.053144, "angle": -25.000000, "coord": [-5.687297, 32.450718] },
    "SAH": { "name": "Western Sahara", "size": 0.028243, "angle": 0.000000, "coord": [-12.230303, 24.667595] },
    "MNE": { "name": "Montenegro", "size": 0.008863, "angle": -17.000000, "coord": [19.343727, 42.703102] },
    "MNG": { "name": "Mongolia", "size": 0.110000, "angle": 0.000000, "coord": [103.050423, 46.597477] },
    "MDA": { "name": "Moldova", "size": 0.022877, "angle": 45.000000, "coord": [28.487904, 47.334999] },
    "MEX": { "name": "Mexico", "size": 0.110000, "angle": 43.000000, "coord": [-102.289452, 23.219986] },
    "MUS": { "name": "Mauritius", "size": 0.015009, "angle": 0.000000, "coord": [57.565849, -20.799507] },
    "MRT": { "name": "Mauritania", "size": 0.052613, "angle": 0.000000, "coord": [-10.940304, 19.387062] },